log_premium,league_pair,player_pos,player_age
0.6340749332741247,France_to_France,CM,26.0
1.5263931717862107,Italy_to_France,CF,24.0
1.2134055695402353,Portugal_to_France,RW,22.0
-0.7500239869940639,Switzerland_to_France,LW,21.0
0.21264579585113452,Austria_to_France,CB,19.0
0.7834661171879276,Israel_to_France,GK,23.0
2.454297300814531,Spain_to_France,GK,32.0
0.5214493324620015,Spain_to_France,RW,27.0
1.186372161274626,France_to_France,GK,27.0
1.243763679982873,England_to_France,DM,29.0
-0.5757877399124176,Greece_to_France,CB,24.0
0.41219691737518005,France_to_France,CM,29.0
-0.8220660239879862,Spain_to_France,RB,23.0
-0.9509408385944127,France_to_France,LW,24.0
0.565330487519212,Spain_to_France,AM,29.0
-0.21816034619257607,France_to_France,CM,19.0
0.9040682686253305,Germany_to_France,LB,23.0
-1.4751846324654139,Brazil_to_France,LB,26.0
0.41350866244318496,France_to_France,CB,24.0
0.557710777547392,France_to_France,CM,24.0
-0.1288544685070292,France_to_France,LM,21.0
-0.7805769157146702,England_to_France,CB,30.0
-0.8983966838570154,Spain_to_France,CM,25.0
1.656502049290106,France_to_France,LW,24.0
0.9394321263131573,Greece_to_France,CF,23.0
1.4041106987262477,France_to_France,CF,20.0
0.4901159237228363,Algeria_to_France,CM,19.0
-1.6126596378662832,Italy_to_France,CB,28.0
1.4337607729697552,France_to_France,AM,21.0
-0.5444707786387468,Belgium_to_France,RB,27.0
0.2053854553508998,France_to_France,CF,27.0
0.4353154638705732,France_to_France,CM,27.0
0.8131726196636411,France_to_France,RB,26.0
0.7567627575867384,France_to_France,LB,17.0
0.9968011268925459,France_to_France,GK,28.0
0.5612857231449873,England_to_France,LW,22.0
1.6636841347080953,Spain_to_France,CB,25.0
1.4676024861352168,Spain_to_France,RW,24.0
2.151231061272547,Spain_to_France,CF,29.0
-1.1374179729851974,North Macedonia_to_France,CF,22.0
0.6937315347310253,France_to_France,CB,20.0
-0.84910030476766,France_to_France,DM,30.0
-0.778453543824412,France_to_France,DM,23.0
-0.2582170535720856,France_to_France,CM,21.0
-0.6135954715637002,Mali_to_France,CM,18.0
-0.20114727132039434,France_to_France,DM,23.0
0.8361990719131462,France_to_France,RB,23.0
1.6133725891430135,England_to_France,CM,22.0
-1.0517088920299784,France_to_France,CM,27.0
-0.01597662655217924,France_to_France,AM,21.0
-0.44463989445648266,France_to_France,RW,23.0
-1.4790494136574281,Belgium_to_France,RB,27.0
2.2142599527756275,Netherlands_to_France,CF,21.0
-0.42682952992635137,Germany_to_France,LW,25.0
1.97432801941547,Argentina_to_France,CF,29.0
0.41746408107968414,Italy_to_England,RW,24.0
1.7098019923644365,Spain_to_Netherlands,LW,27.0
-0.05441398732381231,Italy_to_France,GK,25.0
-0.1657476302981884,Portugal_to_France,RW,23.0
-1.2279168972405685,DR Congo_to_France,LB,24.0
2.2757124927774157,Belgium_to_France,CF,20.0
0.5890214570065453,Germany_to_France,CM,22.0
0.5625800607199132,Turkey_to_France,AM,22.0
1.0898611992175802,England_to_France,CB,31.0
1.5197746899597853,France_to_France,CF,19.0
0.2683378584620577,Croatia_to_France,LB,19.0
0.25798299411127523,Portugal_to_France,GK,24.0
-0.7054063846267731,Italy_to_France,CB,19.0
0.05665042689361499,Portugal_to_France,LB,25.0
-1.867314997137166,Morocco_to_France,CB,21.0
1.3611476285600155,France_to_France,AM,21.0
0.1737646859014248,France_to_France,DM,28.0
0.7280349552926495,France_to_France,LW,20.0
0.511056690242361,France_to_France,CF,22.0
0.37783746417119346,France_to_France,DM,20.0
-0.010923128801707094,Italy_to_France,CM,25.0
-0.20696039502070107,Italy_to_France,RB,24.0
0.21325139697148643,Sweden_to_France,CF,17.0
-1.2845594910372977,France_to_France,DM,22.0
-2.5272685894402755,Austria_to_France,CF,18.0
-0.8561307617574236,Turkey_to_France,CB,34.0
1.3179874241647198,France_to_France,RW,24.0
1.006561544447326,France_to_France,LW,26.0
-0.7432272147869359,France_to_France,LM,22.0
-1.4768736076092015,France_to_France,CM,23.0
0.42191628528740566,France_to_France,GK,26.0
1.0666148827518924,England_to_France,CB,33.0
-0.7865168601696269,Japan_to_France,CF,26.0
0.3493245094592794,France_to_France,CB,22.0
0.7014973610217794,France_to_France,LB,21.0
1.3135659904850705,Italy_to_France,CB,23.0
-0.08300850935590631,Russia_to_France,CB,21.0
1.131067018890949,France_to_France,DM,27.0
-0.1833121368060855,Brazil_to_France,CM,21.0
-0.9659049340022836,Netherlands_to_Netherlands,DM,20.0
1.4024603813464864,Norway_to_Netherlands,LW,21.0
-2.7957159866750256,Netherlands_to_Netherlands,AM,22.0
-0.7050952789187939,Netherlands_to_Netherlands,DM,21.0
-2.3211786159905685,England_to_Netherlands,CB,20.0
-0.11829330512640723,Argentina_to_Netherlands,CB,22.0
0.03574686962308782,Netherlands_to_Netherlands,GK,23.0
-2.265092562842254,Poland_to_Netherlands,CF,24.0
-0.002145484132029196,Netherlands_to_Netherlands,AM,21.0
-0.2916128349041234,Netherlands_to_Netherlands,GK,19.0
0.22056843499798617,Netherlands_to_Netherlands,CB,18.0
0.6642212670171475,Argentina_to_Netherlands,CB,21.0
2.2622959497090527,Belgium_to_Netherlands,CM,23.0
0.16394734048738258,Mexico_to_Netherlands,DM,21.0
-0.11071462933466591,Netherlands_to_Netherlands,LW,19.0
-0.5668417660119314,Netherlands_to_Netherlands,CB,21.0
-1.154805646124247,Netherlands_to_Netherlands,LB,22.0
0.4177544346199511,Germany_to_Netherlands,LW,24.0
-0.7876383690243731,Norway_to_Netherlands,CM,24.0
-1.1893402744706894,Netherlands_to_Netherlands,AM,27.0
-1.0077063552616874,Norway_to_Netherlands,CF,23.0
-1.1236507126241229,Slovakia_to_Netherlands,RB,22.0
-0.12892075077667542,Slovakia_to_Netherlands,CF,20.0
0.5346710865913593,Norway_to_Netherlands,RW,19.0
-0.8742830249573732,Germany_to_Netherlands,CF,20.0
-0.4765784255741874,Germany_to_Netherlands,CF,28.0
-1.4950253216149587,Czech Republic_to_Netherlands,CB,27.0
-0.09584447858088119,Germany_to_Netherlands,CB,22.0
-0.8789768096805126,Netherlands_to_Netherlands,CF,25.0
-1.1804654209503873,Netherlands_to_Netherlands,RW,21.0
-0.832373335999705,France_to_Netherlands,CB,21.0
0.696538685318064,Netherlands_to_Netherlands,RW,21.0
1.4418852475159376,Germany_to_Netherlands,CB,23.0
0.4400327274635778,France_to_France,LB,23.0
0.05008532075812511,France_to_France,RW,23.0
-0.49168558422968545,France_to_France,LW,23.0
-0.08112068288045293,France_to_France,CF,21.0
1.2844033005613547,Spain_to_England,AM,23.0
0.7406518380648919,Switzerland_to_England,CF,22.0
1.7238929219262324,France_to_England,RW,21.0
0.7919833908397909,England_to_England,CB,29.0
0.02291225922479434,England_to_England,CM,28.0
0.008885392015550053,England_to_England,CF,27.0
1.1073868068727712,Germany_to_England,CF,22.0
0.5609524299961812,France_to_England,LW,22.0
-0.01510689929313358,France_to_England,RB,25.0
2.1308185707067473,England_to_England,CM,23.0
0.6932631730740368,Belgium_to_England,LW,22.0
0.38006419137106207,England_to_England,CB,20.0
-0.17295245706363005,England_to_England,RB,23.0
0.6980841305725782,England_to_England,CF,29.0
-0.5854251514509965,England_to_England,GK,22.0
-0.08091472060542415,England_to_England,LB,30.0
0.9921328291508402,England_to_England,CF,26.0
1.7264345285466511,England_to_England,CF,22.0
0.06812222857049122,Belgium_to_England,LW,21.0
1.7972215733769303,England_to_England,CB,24.0
1.8158392033818131,England_to_England,CF,22.0
1.1659610398312523,Belgium_to_England,LW,24.0
-0.2534369001305947,England_to_England,CB,22.0
-2.451902317956712,England_to_England,RB,25.0
-3.4735144272299046,England_to_England,CM,17.0
1.3356124824943976,England_to_England,CF,23.0
0.6233116843489697,England_to_England,CF,23.0
2.2557403886487677,Germany_to_England,CF,25.0
-0.3246239658097032,England_to_England,RB,21.0
0.4071662898788695,Italy_to_England,CM,25.0
1.037876424987946,England_to_England,SS,25.0
0.24788310435872063,Netherlands_to_England,LB,22.0
1.3958829540139792,United States_to_England,GK,24.0
-1.1886074077339686,Japan_to_England,LW,21.0
-1.8587557035684092,Netherlands_to_England,CB,17.0
1.4050252205861575,Spain_to_England,CM,25.0
1.3776419091268046,France_to_England,CM,22.0
0.7108747829773918,England_to_England,LM,19.0
-0.012206809618213299,England_to_England,RW,18.0
1.9579341500356158,France_to_England,RW,24.0
0.850260490895959,France_to_England,CB,18.0
1.591711269793798,Scotland_to_England,LB,22.0
0.6675466573552811,England_to_England,CB,32.0
-0.48062410313880477,Brazil_to_England,LW,18.0
1.201096198092925,England_to_England,CF,24.0
2.209082479719445,England_to_England,CB,26.0
0.3687221530796947,England_to_England,LW,21.0
1.6292861402980812,Portugal_to_England,CF,28.0
1.7505781700474508,Italy_to_England,CF,21.0
0.25944861517133333,Italy_to_England,LW,19.0
0.39066247227098927,Belgium_to_England,DM,24.0
-0.396028802504663,Italy_to_England,CM,20.0
-2.3638283721684257,Portugal_to_England,CF,20.0
0.7855638231147317,England_to_England,LW,23.0
2.4357668903955876,Italy_to_England,CF,19.0
0.962582336201617,Germany_to_England,DM,23.0
0.7129561765336483,Spain_to_England,CM,25.0
0.4633925894198896,England_to_England,CM,29.0
1.0821816689504153,France_to_England,CM,22.0
1.699386788240691,England_to_England,RB,21.0
0.47681167033772454,Spain_to_England,RB,19.0
0.30805063898174545,England_to_England,AM,27.0
1.1064193112992733,Belgium_to_England,CF,22.0
0.12049033930816577,Brazil_to_Portugal,DM,24.0
0.7388391316232159,Portugal_to_Portugal,LM,21.0
-0.1251070296375314,Portugal_to_Portugal,CB,23.0
-1.6633086063293252,Brazil_to_Portugal,LB,24.0
-0.7840115455990802,Ukraine_to_Portugal,CF,23.0
-1.7438279816060565,Portugal_to_Portugal,CF,20.0
-0.17634983174519903,Portugal_to_Portugal,RW,25.0
-0.29143734090047246,Brazil_to_Portugal,GK,24.0
-1.966682622125342,Serbia_to_Portugal,CB,23.0
-0.8922369014473475,Morocco_to_Portugal,CF,21.0
-1.2063336531847764,Portugal_to_Portugal,AM,20.0
-2.4700080844666505,Brazil_to_Portugal,AM,22.0
0.5404369963925095,Brazil_to_Portugal,CM,21.0
-0.6998818685472408,England_to_Portugal,RW,21.0
1.4107673295041039,Germany_to_Portugal,DM,24.0
1.5156333694774862,Slovakia_to_Portugal,CF,25.0
-1.3085247722985525,Portugal_to_Portugal,CB,23.0
-3.2728635460340527,Portugal_to_Portugal,LM,26.0
1.2118525128206237,Belgium_to_England,CF,27.0
1.1130225961590483,Belgium_to_England,DM,21.0
-1.166565608191375,Germany_to_England,CM,29.0
-0.8988112988331594,England_to_England,LB,19.0
0.7428743792809467,England_to_England,CM,29.0
0.6521446658410053,England_to_England,RB,19.0
0.16459299592902354,England_to_England,CM,24.0
0.3136756847701996,Brazil_to_England,CF,18.0
-0.16605685491900601,England_to_Portugal,LW,19.0
0.18084503869671664,France_to_Portugal,RB,22.0
0.8545324634530758,Spain_to_Portugal,LW,25.0
0.2393073805967294,Italy_to_Portugal,CB,32.0
1.2833975599166756,England_to_England,CB,26.0
0.30730913736665144,England_to_England,DM,21.0
0.5979775121262918,England_to_England,LB,23.0
0.7357817266758673,England_to_England,CB,21.0
0.2943861713753222,Belgium_to_England,DM,25.0
0.11112047700812511,Turkey_to_England,LW,24.0
0.09241939280781608,France_to_England,RW,24.0
1.603451023039744,England_to_England,GK,33.0
-0.26334067074163237,France_to_England,CB,24.0
0.5799315063762904,England_to_England,RW,28.0
-0.942568449195349,England_to_England,CB,23.0
0.36497384670468414,Austria_to_England,LW,24.0
1.0218417592065059,Netherlands_to_England,LW,22.0
-0.6134432325280557,England_to_England,LM,24.0
1.6595997216116665,Portugal_to_England,AM,25.0
-2.316226228784135,England_to_England,CB,17.0
1.3197771323276015,England_to_England,RW,23.0
1.480047000219436,Spain_to_Portugal,CF,24.0
1.0664752142763483,Italy_to_Portugal,CF,24.0
-0.19060233833258344,Portugal_to_Portugal,AM,23.0
-0.6881825739921368,Portugal_to_Portugal,CF,23.0
1.4389345875130175,Qatar_to_Portugal,LM,24.0
0.995660758338726,Russia_to_Portugal,CF,28.0
0.4546950796542646,Mexico_to_Portugal,DM,28.0
1.515042730695983,Mexico_to_Portugal,GK,31.0
-0.00345444822685792,Portugal_to_Portugal,DM,22.0
0.3394188479661775,Colombia_to_Portugal,LM,22.0
0.8457333892774077,Argentina_to_Portugal,RB,26.0
0.7959629910220336,Greece_to_England,RW,24.0
-0.3869831275676976,France_to_France,AM,25.0
1.766429226062133,Spain_to_England,DM,23.0
1.9889498755894017,Italy_to_England,RB,25.0
-1.4084379207344568,Spain_to_Spain,CM,21.0
-1.0373208255477913,Portugal_to_Spain,CB,24.0
-0.30735610266070523,Italy_to_Spain,LW,26.0
-1.4096395465638185,Spain_to_Spain,CB,32.0
-0.37912864796834356,Spain_to_Spain,CM,27.0
0.67376069720342,France_to_Spain,CF,24.0
0.675810143309377,Spain_to_Spain,RW,26.0
0.5286276524482929,Spain_to_Spain,CF,23.0
0.36854626652143274,Argentina_to_Spain,CF,25.0
0.9309778034982159,Spain_to_Spain,RW,25.0
0.84547642978327,Belgium_to_Spain,CB,23.0
0.9284562912679348,Spain_to_Spain,AM,25.0
0.1815774906424963,Spain_to_Spain,RW,26.0
0.3989909045860056,Spain_to_Spain,CM,25.0
1.111375613053891,Spain_to_Spain,CF,30.0
0.08277489404339633,Spain_to_Spain,CB,25.0
-1.4982255269945064,Spain_to_Spain,LW,25.0
0.928767962297055,Italy_to_Spain,CB,33.0
0.031173466201853017,Spain_to_Spain,LW,21.0
0.9616692474712583,Spain_to_Spain,RB,27.0
1.1809775994266971,Spain_to_Spain,GK,21.0
0.9642538826787685,Spain_to_Spain,LB,26.0
1.5030262878765317,Spain_to_Spain,RW,26.0
1.673980669184452,France_to_Spain,AM,26.0
1.7751204780584295,France_to_Spain,CM,23.0
2.787481761254714,Spain_to_Spain,CF,26.0
-0.5305559169502772,Portugal_to_Spain,AM,22.0
-3.362167546441748,Spain_to_Spain,AM,24.0
-0.14110921485016625,Italy_to_Spain,CF,27.0
0.3266222923572286,France_to_Spain,RW,28.0
-1.1372301292156468,Italy_to_Spain,CB,23.0
-0.019563391846872946,Portugal_to_France,DM,20.0
0.7577645905514672,Brazil_to_France,CM,22.0
1.19889857677083,France_to_France,RW,24.0
-1.3783089667980448,Brazil_to_France,CM,20.0
1.0770557354293793,Belgium_to_France,CB,24.0
-0.32312987204475796,Germany_to_France,CF,23.0
0.5524857010830857,France_to_France,CM,21.0
0.6377804425232618,France_to_France,CB,19.0
0.9000380185120314,Serbia_to_France,CB,18.0
0.50273750236871,Poland_to_France,GK,20.0
0.7766673992477386,Belgium_to_France,CF,28.0
0.4880903194747894,Netherlands_to_France,CF,21.0
1.3610627212213018,England_to_England,GK,32.0
0.38124542957756447,Spain_to_Spain,RB,30.0
1.3699319665814116,Germany_to_Spain,CF,26.0
-0.18081161686859204,Mexico_to_Spain,DM,25.0
-1.176154346439768,Spain_to_Spain,GK,30.0
0.6391179630592809,Spain_to_Spain,CB,28.0
0.8537476208679884,Spain_to_Spain,RW,27.0
1.1368505742058979,Portugal_to_Spain,CF,25.0
0.9414689667721703,Spain_to_Spain,CF,22.0
-0.8304855537151585,England_to_Spain,CB,27.0
0.3158352783550473,Spain_to_Spain,CB,24.0
0.7993075795190059,Brazil_to_Spain,AM,18.0
-0.6203999716913486,Brazil_to_Spain,CM,21.0
1.786122565494228,Spain_to_Spain,CF,28.0
-1.2912613598229665,Spain_to_Spain,CF,24.0
0.24221732905425952,Spain_to_France,AM,28.0
0.4036920357013454,Spain_to_Spain,CF,23.0
0.981775061890076,England_to_Spain,CB,25.0
0.018907333405708826,Spain_to_Spain,LW,28.0
0.6162979832039355,Portugal_to_Spain,RB,20.0
0.5995930605402187,Spain_to_Spain,CF,22.0
2.5719856717608174,Spain_to_Spain,GK,30.0
-0.0941078376507054,France_to_Spain,CM,31.0
1.2576515941909783,England_to_Spain,RB,31.0
2.029967094453072,Spain_to_Spain,CF,32.0
-1.6059596354545391,Spain_to_Spain,RW,20.0
1.2702672249806888,Brazil_to_Spain,RW,18.0
1.3643315029541974,France_to_Spain,LB,24.0
1.2352983796765997,Portugal_to_Spain,CB,21.0
1.5389103295218227,Germany_to_Spain,CF,21.0
2.4356429579339682,England_to_Spain,LW,28.0
-2.7072445861576835,Portugal_to_Spain,CF,21.0
1.3528154023190453,Portugal_to_Spain,CB,30.0
0.9250902308667435,Brazil_to_Spain,LB,21.0
1.5384127906804999,England_to_Spain,RB,28.0
1.0060946805619686,Spain_to_Spain,CB,24.0
1.1654040761010371,Spain_to_Spain,CM,24.0
2.1825381461261557,Portugal_to_Spain,SS,19.0
-1.105583386579898,Spain_to_Spain,LM,20.0
0.754195941259475,Spain_to_Spain,LB,22.0
0.5013597138424828,Spain_to_Spain,CM,16.0
1.1886593191913235,Spain_to_Spain,GK,29.0
1.8915772145693452,Netherlands_to_Spain,CM,22.0
2.468080273158428,Spain_to_Spain,SS,28.0
0.22663377227301318,Spain_to_Spain,CF,22.0
-0.924043372315623,Spain_to_Spain,CB,22.0
1.2278897626542538,France_to_Spain,CB,20.0
0.7074744565629452,France_to_Spain,RW,23.0
1.60938526849408,England_to_Spain,CF,28.0
-0.39424295727656045,Spain_to_Spain,LM,20.0
0.3036234825427755,Spain_to_Spain,LW,31.0
0.3327753811172478,Spain_to_Spain,CM,23.0
0.292525556593322,Spain_to_Spain,CB,29.0
0.4444324923790912,Spain_to_Spain,CF,29.0
0.1976964901290863,Spain_to_Spain,CM,22.0
0.1329720466907247,Spain_to_Spain,LW,25.0
0.06599549944951377,Spain_to_Spain,DM,26.0
0.4575815547516324,England_to_Spain,CF,29.0
0.4150250580966439,England_to_Spain,CF,30.0
0.06989793094293795,Spain_to_Spain,CB,23.0
0.11638237949750696,Portugal_to_Spain,LB,25.0
0.8199495892366393,Argentina_to_Spain,LW,22.0
-0.9187161834430455,France_to_Spain,CB,20.0
1.6863100674622267,Spain_to_Spain,RW,27.0
0.696963545321367,Germany_to_Spain,CF,19.0
-2.570637416052703,Spain_to_Spain,CM,21.0
0.1806976883220912,Turkey_to_Spain,DM,31.0
0.5406211564564831,England_to_Spain,CF,31.0
0.4759897808870299,Netherlands_to_Spain,CB,21.0
0.27437709083344686,Portugal_to_Spain,CM,24.0
0.9484197976704785,Netherlands_to_Spain,CF,28.0
0.5353660366884192,Spain_to_Spain,CM,24.0
0.9170992341031052,France_to_Spain,CB,26.0
0.670544859408281,France_to_Spain,LW,24.0
1.8992770331240045,Austria_to_Spain,CF,27.0
-1.7781526538636232,England_to_Spain,LB,33.0
0.9570834884960409,Germany_to_France,CF,23.0
0.5762150337559468,France_to_France,DM,20.0
-0.19851045230164743,Austria_to_Italy,RB,20.0
1.38686732753143,Italy_to_Italy,CF,19.0
0.6909306316665642,Italy_to_Italy,RW,26.0
0.04179860002336255,Italy_to_Italy,CM,22.0
1.2010306614150892,England_to_Italy,RB,29.0
-1.4688317470314516,Italy_to_Italy,CF,23.0
-0.44178553060458015,Italy_to_Italy,RB,30.0
-2.8261161860718556,Italy_to_Italy,GK,28.0
2.2167884861049707,Italy_to_Italy,LB,26.0
1.0885454868658506,Spain_to_Italy,GK,24.0
1.801702242279621,Italy_to_Italy,CM,24.0
0.935016592489454,Italy_to_Italy,DM,21.0
-0.5795235587405063,Turkey_to_Italy,CB,22.0
-2.563566736653671,Italy_to_Italy,CF,21.0
-0.5626556407661951,Italy_to_Italy,CM,21.0
-0.1790605291579297,Italy_to_Italy,LB,24.0
-0.624038409399871,England_to_Italy,DM,28.0
-3.7659184147294784,Italy_to_Italy,CB,28.0
0.7949173008022363,France_to_Italy,LW,20.0
1.004447719611047,Italy_to_Italy,CM,22.0
1.1661324246774818,Spain_to_Italy,LB,21.0
0.9963393219716714,Italy_to_Italy,DM,21.0
0.4738079489748728,Brazil_to_Italy,CB,23.0
0.2749462155084039,Italy_to_Italy,CM,25.0
2.682082894552707,Italy_to_Italy,CB,28.0
1.391682098152419,Netherlands_to_Italy,RW,24.0
2.146316179542886,Italy_to_Italy,GK,22.0
2.022090907835551,Turkey_to_Italy,CM,19.0
1.120881359898016,Italy_to_Italy,RB,25.0
-0.23262407180695988,England_to_Italy,GK,30.0
1.1640031624103298,Italy_to_Italy,GK,33.0
2.136256945898147,Italy_to_Italy,GK,22.0
-0.8967511207287089,France_to_Germany,RW,25.0
1.35749806694891,Italy_to_Italy,LM,23.0
-0.38744621894316467,Netherlands_to_Italy,CB,21.0
0.3454620278082814,England_to_Italy,RB,22.0
-0.4202143878646858,France_to_Italy,CB,26.0
1.1663849537788593,Italy_to_Italy,LB,32.0
-0.4720470657031779,Germany_to_Italy,DM,24.0
-1.0676352268524898,Brazil_to_Italy,CB,23.0
0.31401422503240006,Italy_to_Italy,CB,32.0
1.62223842052083,Spain_to_Italy,CF,28.0
-0.07871648785822494,Spain_to_Italy,CF,21.0
1.2245014317718237,Netherlands_to_Italy,LB,20.0
-0.39540596501007386,Croatia_to_Italy,CB,20.0
-0.4060718861327679,Italy_to_Italy,RW,19.0
0.20213700181779615,Sweden_to_Italy,AM,24.0
0.6700084813323706,Netherlands_to_Italy,AM,24.0
1.5613652395984268,Italy_to_Italy,DM,23.0
0.7110684147224902,Italy_to_Italy,CF,28.0
-0.3993570300843263,Italy_to_Italy,RM,22.0
0.20606925776519702,Austria_to_Italy,CB,21.0
1.461207654981994,Italy_to_Italy,CM,25.0
0.16577175785749,Italy_to_Italy,CB,25.0
-0.5086479102915789,Italy_to_Italy,CM,21.0
1.715813615118595,Italy_to_Italy,DM,21.0
0.6382096222271176,Turkey_to_Italy,CB,21.0
2.1184867570424206,Italy_to_Italy,CF,31.0
0.7575410795652306,England_to_Italy,CM,27.0
1.4849791329229092,Italy_to_Italy,GK,18.0
0.4849641544916601,Italy_to_Italy,LB,21.0
-0.5666081458751933,Germany_to_Germany,RW,19.0
0.39767482569732593,Italy_to_Italy,LM,20.0
2.812717699085283,Italy_to_Italy,CF,24.0
1.6884553860031097,Italy_to_Italy,CM,22.0
0.17989633682341122,Italy_to_Italy,LM,23.0
0.6210796921062709,Italy_to_Italy,RB,22.0
1.2482254471768357,Germany_to_Germany,CB,19.0
1.0144503262512892,Germany_to_Germany,CF,24.0
-0.37435219832075006,Germany_to_Germany,RW,21.0
-0.2694893061819599,Germany_to_Germany,CB,21.0
0.7817598707911593,Germany_to_Germany,CF,26.0
0.8045061062179535,Germany_to_Germany,CM,28.0
0.38532809718475036,Serbia_to_Germany,CF,19.0
0.6758411178905721,Germany_to_Germany,LM,26.0
1.4393648903691982,France_to_Germany,GK,29.0
0.2472963116517981,Austria_to_Germany,DM,23.0
1.5350212853276943,Portugal_to_Germany,CF,30.0
1.2217328617409215,Germany_to_Germany,CB,26.0
1.0229323056214064,Switzerland_to_Germany,CM,22.0
1.830616043805037,Portugal_to_Germany,CF,21.0
-1.1605007496581585,Germany_to_Germany,LB,24.0
0.31302164199919247,Austria_to_Germany,LW,25.0
1.310733138393779,Switzerland_to_Germany,RB,24.0
1.1855247652837857,Germany_to_Germany,CM,25.0
1.0258429196350782,Denmark_to_Germany,RW,23.0
1.7513720853471249,France_to_Germany,DM,22.0
0.09632991831746196,Italy_to_Germany,CF,22.0
-0.14449949566767373,Netherlands_to_Germany,RB,24.0
-1.9236609329640881,Switzerland_to_Germany,CM,23.0
0.5581011516709573,Germany_to_Germany,CM,24.0
0.5951712578113302,Germany_to_Germany,CF,28.0
-0.8636595756237284,Germany_to_Germany,CB,23.0
0.3426626014972438,Belgium_to_Germany,CF,23.0
-0.7406088821171561,Germany_to_Germany,CF,22.0
0.6158731110592797,Austria_to_Germany,CF,19.0
1.155999880219074,Croatia_to_Germany,AM,21.0
1.6084454109532125,Portugal_to_Germany,CB,20.0
0.7863581793642389,Argentina_to_Germany,CM,21.0
0.917177922470902,Austria_to_Germany,CB,22.0
-0.9657141677616874,Germany_to_Germany,DM,30.0
2.259011529956865,Spain_to_Germany,CF,27.0
0.7507646152809606,Germany_to_Germany,LW,21.0
1.7395126786221482,Austria_to_Germany,CM,21.0
0.6633656433452817,France_to_Germany,LB,24.0
-0.07295822407450814,France_to_Germany,LW,21.0
0.13773177375581014,Germany_to_Germany,CF,22.0
2.710306903876184,Italy_to_Germany,CF,24.0
2.629355674014736,Germany_to_Germany,CF,20.0
2.001554742144844,Germany_to_Germany,DM,22.0
-0.29399745143673606,Norway_to_Germany,DM,23.0
-1.4958240219502947,England_to_Germany,CF,25.0
0.9518162876077394,Belgium_to_Germany,CB,20.0
0.0067556632662757465,Denmark_to_Germany,LB,22.0
-1.3367464076729334,Germany_to_Germany,CB,23.0
-1.32245512310908,England_to_Germany,CB,20.0
0.7756493275581562,Germany_to_Germany,CF,28.0
0.655051035722348,Switzerland_to_Germany,LW,20.0
0.3491971920333832,United States_to_Germany,DM,24.0
0.7788044340846163,Brazil_to_Germany,LB,22.0
1.0302503094635718,France_to_Germany,GK,26.0
2.0106113045766314,Spain_to_Germany,CB,23.0
-2.9727441460096387,Sweden_to_Italy,CM,30.0
1.3455996015093525,Germany_to_Germany,RB,23.0
-1.2919432849594124,Germany_to_Germany,CF,19.0
1.907342183839912,Austria_to_Germany,RB,26.0
-0.004929764464904451,Netherlands_to_Germany,LB,23.0
-0.23726486469950814,Germany_to_Germany,AM,22.0
0.02701115274324195,France_to_Germany,LW,19.0
1.2640116585179086,Germany_to_Germany,CM,25.0
-0.7571396686462197,Germany_to_Germany,GK,33.0
0.9826109638557909,Austria_to_Germany,AM,20.0
0.6025649416709271,France_to_Germany,AM,21.0
0.3781349708897359,England_to_Germany,LW,21.0
0.6707725128996103,Spain_to_Germany,CF,25.0
0.4957606656693905,Germany_to_Germany,AM,23.0
1.4099266962858827,Germany_to_Germany,LB,26.0
0.7660706477018984,Germany_to_Germany,LW,26.0
1.6771745432133827,Germany_to_Germany,CB,30.0
-0.6971060821185855,Germany_to_Germany,CM,20.0
-0.16708679691925354,Belgium_to_Germany,DM,25.0
4.806586963434789,Italy_to_Italy,CB,33.0
0.5887266476778148,Belgium_to_Italy,DM,23.0
-0.8811190021255477,Italy_to_Italy,CB,21.0
1.528459784029863,Italy_to_Italy,RW,22.0
1.4256827682446929,Italy_to_Italy,CF,24.0
1.6804945877422544,Spain_to_Italy,AM,28.0
1.6572144440044614,Spain_to_Italy,LW,27.0
1.0619177620732998,Belgium_to_Italy,RB,20.0
1.6544988403637166,Denmark_to_Italy,RW,19.0
0.9707010040600057,Belgium_to_Italy,CB,26.0
0.2206523608817843,Italy_to_Italy,CB,25.0
0.36419010817269104,Netherlands_to_Italy,CM,22.0
1.0001500528547176,Belgium_to_Italy,AM,26.0
0.4621818352008571,Turkey_to_Italy,CB,32.0
-0.1896337728086479,Italy_to_Italy,CB,35.0
0.31689144830365024,Denmark_to_Italy,GK,26.0
0.8401625161106541,Czech Republic_to_Italy,LM,26.0
-0.663676932496287,France_to_Italy,CF,22.0
-0.07775994418683041,England_to_Italy,RB,23.0
-0.35696857035834917,Qatar_to_Italy,CB,27.0
-0.38038893627021153,Italy_to_Italy,AM,27.0
-0.8021346794461266,Italy_to_Italy,LB,26.0
3.0977614539003717,Argentina_to_Italy,RM,23.0
1.5178678104713903,Italy_to_Italy,CF,23.0
1.2030545634337457,Spain_to_Italy,CF,28.0
1.4280647733233174,Italy_to_Italy,RW,19.0
1.3708952073525182,Spain_to_Italy,DM,25.0
0.972106758386813,Germany_to_Germany,RW,25.0
-0.7642576408123265,Germany_to_Germany,CF,26.0
1.2726183021718,Belgium_to_Germany,LW,23.0
1.2105825074215844,England_to_Germany,RW,21.0
1.7271723549688076,Germany_to_Germany,CM,22.0
0.5605676364555148,England_to_Germany,CF,18.0
0.9989827087749692,Netherlands_to_Germany,CB,22.0
1.004022358413767,England_to_Germany,CM,23.0
0.9635312805492635,Spain_to_Germany,LB,22.0
0.9289433807324858,France_to_Germany,RB,21.0
-0.20166796916511132,Germany_to_Germany,LB,19.0
0.9872278969609951,Germany_to_Germany,LW,26.0
0.8822725246749847,Germany_to_Germany,RB,29.0
-0.10492775984418756,Germany_to_Germany,LB,20.0
0.9568758581455938,Spain_to_Italy,CB,27.0
-0.5381901099238888,Spain_to_Italy,CM,21.0
1.2098768510945703,Italy_to_Italy,DM,27.0
1.3345472536684078,Italy_to_Italy,CF,25.0
0.602766367186387,Germany_to_Italy,DM,28.0
0.7385317278937542,Italy_to_Italy,CB,25.0
1.743240394134876,Italy_to_Italy,CF,24.0
0.4854814222421986,Uruguay_to_Italy,DM,23.0
0.6334860771472677,Italy_to_Italy,GK,22.0
1.3923393930830272,Argentina_to_Italy,CM,21.0
1.1638577985530958,Italy_to_Italy,DM,25.0
-0.028193687407279455,Italy_to_Italy,GK,18.0
-0.8653485686969518,France_to_Italy,DM,17.0
2.4883063375935137,Netherlands_to_Italy,CB,19.0
1.9773394203155306,England_to_Italy,RB,28.0
1.2402359335712063,Italy_to_Italy,CB,21.0
2.3381678871160467,Italy_to_Italy,LB,20.0
0.5878937294346578,Italy_to_Italy,CB,21.0
2.0235893692959763,Italy_to_Italy,RM,25.0
0.32819293250825154,Portugal_to_Italy,LW,19.0
0.8144154171785338,Denmark_to_Italy,CB,23.0
0.9887402203552931,Italy_to_Italy,CF,17.0
-0.6520632306085066,Portugal_to_Italy,CM,20.0
-0.5198531851027539,Spain_to_Italy,LW,28.0
-1.2828123103828943,Italy_to_Italy,CM,21.0
-2.064724614817594,Italy_to_Italy,CM,21.0
-3.3768765634014617,Cyprus_to_Italy,CB,22.0
-2.3045404402400145,Italy_to_Italy,CF,22.0
-7.327382660470988,Italy_to_Italy,LB,21.0
1.0340140312488302,Romania_to_Italy,RB,27.0
0.3772342933321937,Italy_to_Italy,RB,32.0
0.4459446409356236,England_to_Italy,LB,34.0
0.29378153222014625,Italy_to_Italy,CB,19.0
-1.2486791545226215,Poland_to_Italy,DM,21.0
1.6370512427370798,Italy_to_Italy,GK,22.0
-2.13430039752474,Colombia_to_Italy,LB,20.0
1.6756243732705798,Germany_to_Italy,RB,23.0
1.2336304917568413,Italy_to_Italy,RW,25.0
0.5415003131845211,Brazil_to_Italy,CF,22.0
-0.7147923967230678,Serbia_to_Italy,LB,19.0
0.6028430748248805,Italy_to_Italy,AM,32.0
-1.7219645229699392,Italy_to_Italy,CB,20.0
2.273001874539755,Italy_to_Italy,CM,26.0
1.9631684234966489,Italy_to_Italy,GK,22.0
1.0629687111699795,Italy_to_Italy,CF,22.0
1.6661441574413534,France_to_Italy,CM,25.0
0.12150122575151556,Colombia_to_Italy,RW,20.0
1.454619194062447,France_to_Germany,DM,24.0
0.05228118784708613,Denmark_to_Italy,RB,28.0
1.1340596962238063,Netherlands_to_Italy,DM,33.0
-1.0511705288323654,Italy_to_Italy,RB,27.0
-0.3925892559411306,Italy_to_Italy,LW,29.0
-2.093194536641464,Italy_to_Italy,GK,18.0
0.6084049213675939,Italy_to_Italy,LW,29.0
-0.22661257551679803,Croatia_to_Italy,CB,25.0
1.5523216908394062,Italy_to_Italy,CF,30.0
0.2918586552438214,Portugal_to_Italy,CB,24.0
-0.40877408902633583,Italy_to_Italy,RB,26.0
2.1737481670375836,England_to_Italy,CF,26.0
1.0799887146939255,England_to_Italy,CB,30.0
-0.3326751899456273,Italy_to_Italy,LB,26.0
0.001222862176200934,Italy_to_Italy,CB,30.0
-0.3035104090751446,Norway_to_Italy,CM,19.0
-0.01776004750285054,Denmark_to_Italy,LW,20.0
0.0892345788594433,Spain_to_Italy,RW,22.0
2.171992009418746,Italy_to_Italy,CM,31.0
1.054614981161329,Italy_to_Italy,CB,24.0
0.5980166204196529,Portugal_to_Italy,CB,26.0
1.3979776835317743,Italy_to_Italy,GK,29.0
-1.920924827230193,Italy_to_Italy,LW,20.0
1.6437223298877903,Italy_to_Italy,LB,22.0
1.1385586932883953,Switzerland_to_Italy,DM,19.0
1.9816664256933922,Russia_to_Italy,CM,26.0
0.9649360604488351,Belgium_to_Italy,RB,20.0
1.7346985748638364,Italy_to_Italy,LW,22.0
1.124694776296085,Italy_to_Italy,CM,27.0
0.946672692584297,Italy_to_Italy,CF,29.0
-2.1840068706902755,Spain_to_Italy,LW,21.0
0.43145541652068786,Italy_to_Italy,CB,23.0
0.4469427864873623,Spain_to_Italy,CF,24.0
-0.703899945348212,Greece_to_Italy,LB,19.0
3.069279800679716,Romania_to_Italy,RW,22.0
1.9668810154900775,Italy_to_Italy,DM,19.0
1.6246483471863478,Italy_to_Italy,AM,20.0
-1.7088994857669384,Italy_to_Italy,CM,22.0
0.06926752017023574,Russia_to_Italy,CF,29.0
-2.1456572441464434,Ukraine_to_Italy,AM,24.0
2.7258866062508105,Belgium_to_Italy,RB,23.0
-0.611230229372179,Italy_to_Italy,LB,28.0
0.22596994954286664,Belgium_to_Italy,RB,25.0
0.476699589248728,Italy_to_Italy,CM,25.0
1.9245879463201483,Italy_to_Italy,AM,28.0
-0.197164745304514,Netherlands_to_Italy,GK,29.0
-0.05403112036774438,Croatia_to_Italy,CB,23.0
-1.0690257064579765,Greece_to_Italy,LB,24.0
-0.10705390185002095,Poland_to_Italy,LW,24.0
-0.8048226649345196,Germany_to_Italy,CB,25.0
2.019547794192839,Italy_to_Italy,CB,30.0
0.15135572555632137,France_to_Italy,CM,22.0
1.0043656952877953,England_to_Germany,CF,24.0
-0.45187973286357064,Spain_to_Germany,DM,23.0
1.5572975071327662,Portugal_to_Portugal,CF,28.0
1.971821541310998,Spain_to_England,SS,29.0
1.1324632294674828,Spain_to_England,CB,27.0
1.058530689708821,France_to_England,RW,23.0
1.5785710471534316,England_to_England,RW,26.0
0.6550332415366498,Germany_to_England,CB,24.0
-0.5341457001927274,France_to_England,GK,20.0
-0.027237635332468813,Mexico_to_Portugal,DM,24.0
1.029778907539626,France_to_England,CB,19.0
1.115770161878718,England_to_England,LW,23.0
0.8628556541448553,Germany_to_England,CM,29.0
1.450521599080595,Greece_to_England,LB,24.0
1.7064164259821766,Portugal_to_England,CB,23.0
1.6907940232535559,England_to_England,CB,25.0
0.7070834939861967,Spain_to_England,RW,20.0
0.5946481354733422,Italy_to_England,RB,24.0
-0.1265075118732213,Belgium_to_England,RB,19.0
0.13848483636203568,Uruguay_to_Portugal,DM,19.0
0.47320617511244834,Brazil_to_Portugal,CB,25.0
-1.985068008077361,Spain_to_Portugal,RB,22.0
-0.8168665878056327,Bosnia-Herzegovina_to_Portugal,DM,21.0
-1.861035983699205,Israel_to_Portugal,CF,25.0
0.23892919583590988,Brazil_to_Portugal,CF,20.0
0.40645739743100684,Portugal_to_Portugal,CF,28.0
1.3598840664230316,Portugal_to_Portugal,LB,23.0
-0.4528590942661772,Portugal_to_Portugal,CF,23.0
0.595015790968322,Portugal_to_Portugal,LB,27.0
0.5210977919337374,Portugal_to_Portugal,RW,22.0
0.19640052545345021,Spain_to_Portugal,CB,30.0
-0.41507410956073265,Portugal_to_Portugal,LW,25.0
-2.369081278752038,Algeria_to_Portugal,LB,22.0
0.3919780803344004,Czech Republic_to_Portugal,GK,21.0
-0.38485259288337303,France_to_Portugal,CF,19.0
-1.8918077358636154,France_to_Portugal,CM,23.0
-2.0400201770569826,Portugal_to_Portugal,CB,23.0
-0.2678425147090451,Portugal_to_Portugal,RW,23.0
-1.8735529891728202,Spain_to_Portugal,CM,19.0
1.066421142082202,Netherlands_to_England,CM,23.0
-0.03324430820254243,Uruguay_to_England,RW,18.0
0.3030193484136685,Serbia_to_England,LW,18.0
-1.8802893681310398,England_to_England,CB,25.0
0.2337730095829471,Ecuador_to_England,CM,19.0
0.5650529687003214,France_to_England,CM,26.0
-2.4109680186958826,Portugal_to_England,CB,21.0
-0.5498702079479472,France_to_England,LB,31.0
0.25938338400945327,England_to_England,RB,18.0
-0.5915691604297404,Brazil_to_England,CM,18.0
1.4077647102757211,Spain_to_England,RB,26.0
1.1984431991894002,Czech Republic_to_England,RB,28.0
0.8487040969555437,Czech Republic_to_England,DM,25.0
-0.6603767719970257,England_to_England,GK,31.0
-2.233687624047807,England_to_England,CB,23.0
0.20539161261994643,Portugal_to_England,AM,24.0
0.9747168907475263,England_to_England,LW,22.0
1.418265546414755,England_to_England,CF,23.0
1.031573544793055,Portugal_to_England,CF,18.0
0.5174862158847304,Italy_to_England,RW,18.0
1.4766616111609672,England_to_England,LW,25.0
1.096189663744493,England_to_England,CF,28.0
1.4054376731847746,England_to_England,LB,22.0
-2.9675971957947755,Peru_to_England,AM,21.0
1.8138853400043118,England_to_England,CF,20.0
0.6907385294357837,England_to_England,GK,22.0
0.33283962085219443,England_to_England,CF,23.0
-0.5644188419538061,England_to_England,RB,20.0
-2.370814037842635,England_to_England,RW,33.0
-0.695909549351267,England_to_England,LB,23.0
0.19087034209334774,England_to_England,RB,23.0
-0.04635212513346687,France_to_England,DM,21.0
1.2281410923347948,Spain_to_England,CB,21.0
1.3374607933445688,Spain_to_England,CM,24.0
0.9556491322533809,Spain_to_England,LB,23.0
1.020825372718214,England_to_England,RB,28.0
-0.9038321262665523,Denmark_to_England,CB,21.0
-1.2190291434948222,Norway_to_England,CM,19.0
1.7322142052693827,England_to_Germany,LW,24.0
-1.2468997966499842,Portugal_to_Portugal,GK,23.0
-2.3514611236332694,Brazil_to_Portugal,CB,20.0
1.910593489917538,Germany_to_Germany,GK,28.0
0.8678539226852386,Netherlands_to_Germany,RB,22.0
0.017909793880056313,Germany_to_Germany,SS,27.0
-0.20377321545527138,Germany_to_Germany,CB,20.0
0.9174704354131435,Germany_to_Germany,AM,25.0
1.2153593428370577,Germany_to_Germany,CF,29.0
0.40696453583612247,Greece_to_Germany,RW,22.0
2.3857653107632615,Germany_to_Germany,CF,27.0
0.23389099052788964,Germany_to_Germany,CB,22.0
-0.10325081843737749,Denmark_to_Germany,CB,19.0
0.5670904915654873,Germany_to_Germany,AM,26.0
0.16058425410613708,Germany_to_Germany,CB,30.0
-0.042029586057660495,Germany_to_Germany,GK,22.0
0.22634868129119567,Germany_to_Germany,CB,24.0
-0.8853141328680874,Belgium_to_Germany,DM,27.0
-1.1348021795213619,Germany_to_Germany,CB,24.0
-0.5504204780285136,Poland_to_Germany,RB,22.0
0.8082387260442694,Austria_to_Germany,LW,20.0
-0.8217012416573084,Netherlands_to_Germany,CM,24.0
-0.917994234056092,Italy_to_Germany,CF,24.0
0.47730759891168795,France_to_Germany,RB,28.0
0.7961432798051327,Italy_to_Germany,DM,26.0
0.4376666849041655,England_to_Germany,CM,17.0
1.9819092838792542,Italy_to_Italy,CM,25.0
0.11540961955342155,Austria_to_Germany,CF,24.0
-1.1442439372123516,Spain_to_Germany,GK,22.0
-2.337449740576629,Germany_to_Germany,AM,18.0
-0.24116487805292763,Netherlands_to_Germany,CF,21.0
1.4770566123675835,Italy_to_Germany,CF,24.0
-0.017960283250427977,Germany_to_Germany,AM,25.0
1.4626648571961134,Germany_to_Germany,RM,22.0
0.4809472725834354,France_to_Germany,CB,20.0
0.7905719445194705,Poland_to_Germany,CF,18.0
1.2771551754944532,France_to_Germany,DM,25.0
0.22235984184785096,Spain_to_Germany,CF,22.0
0.4772255688003533,Germany_to_Germany,LM,28.0
-1.3828427344982401,Germany_to_Germany,GK,21.0
1.808172505222723,Spain_to_Portugal,CF,20.0
-0.10908722187724251,France_to_Germany,CM,19.0
0.4145080875375484,Scotland_to_Germany,RB,20.0
-3.346847244746538,France_to_England,LB,19.0
1.6918426782714029,England_to_England,RW,28.0
-0.19127975628403604,England_to_England,CM,25.0
-0.008924711292173981,England_to_England,CB,26.0
-0.4593898559849272,France_to_England,RB,24.0
-0.7397704200602551,England_to_England,LB,23.0
-1.333512547372747,England_to_England,CB,23.0
1.2117950298913023,England_to_England,CM,27.0
1.9361741752995236,Spain_to_Portugal,CF,21.0
1.8367245247227437,Brazil_to_Portugal,RW,22.0
1.3169548478116013,Germany_to_Portugal,SS,24.0
1.9474537339199998,England_to_Portugal,CB,32.0
-0.038301202745056884,Brazil_to_Portugal,RB,27.0
-0.21833250043146712,Portugal_to_Portugal,GK,29.0
1.122819203656789,United States_to_Portugal,RB,22.0
0.10334186442179316,United States_to_Portugal,RW,24.0
1.6074388154049828,Brazil_to_Portugal,LW,24.0
-0.2941572296482562,United States_to_Germany,RB,18.0
1.460333572163531,Italy_to_England,CM,29.0
-1.2789251652465374,England_to_England,GK,27.0
-1.9299294501964823,England_to_Germany,LW,24.0
-1.2718087694037319,England_to_Germany,RB,23.0
-2.097043722129108,France_to_Germany,CF,18.0
0.9534706513242952,England_to_England,RB,23.0
0.45506785621430623,Poland_to_England,CM,21.0
0.7441680282544585,Poland_to_England,RB,19.0
0.24589137538299255,Switzerland_to_England,CF,21.0
0.9316355732569157,England_to_England,CB,22.0
-0.9058968574230448,Netherlands_to_England,CB,20.0
-1.400776132653764,England_to_England,CM,31.0
1.6439731209828814,Germany_to_England,AM,21.0
1.7338920711257693,Germany_to_England,CF,24.0
1.3941175188660608,England_to_England,LB,23.0
1.4700539219903206,Netherlands_to_England,AM,27.0
1.0776994438542111,France_to_England,GK,28.0
1.57656402624864,England_to_England,AM,22.0
-1.0072757732124842,Netherlands_to_England,RB,28.0
3.0251487257595393,Romania_to_Italy,LW,20.0
0.2944535189142421,Russia_to_Italy,AM,24.0
-0.6939890098308812,Italy_to_Italy,CF,23.0
0.39578370364801607,Spain_to_France,LB,23.0
0.7336761783578609,Germany_to_France,CF,28.0
0.9848843920493451,France_to_France,CB,22.0
0.15231542285039268,Portugal_to_France,CF,28.0
1.1090672162049025,France_to_France,CF,25.0
0.33527834545621715,Congo_to_France,CF,18.0
1.0827825317699666,Switzerland_to_France,GK,26.0
0.8880281173871509,Italy_to_France,LW,22.0
-3.131855199029639,Germany_to_France,GK,26.0
-1.5511390876507054,Turkey_to_France,CB,19.0
1.346192630564925,Spain_to_France,LW,27.0
0.8853929169674828,Italy_to_France,AM,23.0
0.09133555344926947,Netherlands_to_France,RW,19.0
-2.054738032519868,Belgium_to_France,LB,22.0
1.0515582989059418,Germany_to_France,CF,23.0
-0.14480756833074082,Italy_to_France,CM,27.0
-1.5697052013130701,France_to_France,LW,19.0
-0.4920307032433868,England_to_France,DM,30.0
0.01229457362518005,France_to_France,LB,26.0
0.6127047341191982,France_to_France,CF,20.0
0.6007160942876553,Switzerland_to_France,RB,21.0
0.43139771731989107,Brazil_to_France,CB,22.0
-2.558326900902678,France_to_France,RW,18.0
2.300535933777283,Italy_to_France,GK,35.0
0.15833596500055513,Netherlands_to_France,CB,20.0
1.8807585110047356,Belgium_to_France,CF,20.0
-0.43691034619257607,England_to_France,CF,20.0
-0.08201427952423401,France_to_France,CB,24.0
-0.19237923765556886,France_to_France,GK,23.0
-0.4673506728886405,France_to_France,LB,21.0
-0.777754975482992,Tunisia_to_France,CF,26.0
-0.8597175788616429,France_to_France,AM,21.0
-0.2551614951824437,France_to_France,RB,24.0
-0.1883078340716171,Argentina_to_France,DM,24.0
0.1644871502212517,England_to_France,LM,24.0
0.4087860672283412,Mexico_to_France,CB,28.0
2.9790731690557024,Italy_to_Italy,CF,28.0
1.2305644005115255,France_to_France,GK,26.0
0.6046698623347755,France_to_France,CF,27.0
0.5357544689468376,England_to_France,AM,24.0
0.9625724275746705,France_to_France,CB,19.0
1.2322061489425629,Switzerland_to_France,CF,26.0
1.51395633509674,France_to_France,LB,23.0
-0.7608518478274853,France_to_France,DM,29.0
-0.08609457318232216,England_to_France,CF,23.0
0.4255450039199822,France_to_France,RW,24.0
-0.08685590621858097,France_to_France,CB,23.0
0.7368328659343959,France_to_France,DM,24.0
-1.312929793966033,France_to_France,LM,21.0
-0.14755172008063866,Portugal_to_France,RW,23.0
0.9703691433273285,France_to_France,CB,27.0
1.854385154053162,England_to_France,CF,25.0
0.9415109322514041,France_to_France,RW,23.0
1.7094581292118534,Spain_to_France,LW,24.0
0.1501453388480627,France_to_France,RM,22.0
1.3249275830261915,France_to_France,GK,27.0
0.55369594005208,France_to_France,LW,23.0
1.7392246689785935,France_to_France,CF,24.0
0.6499239294818508,France_to_England,CB,22.0
1.8592398011853888,Spain_to_England,DM,27.0
1.5597780178390472,Austria_to_Spain,CF,24.0
0.5584433346084587,Spain_to_Spain,CB,23.0
0.3048881334066884,Portugal_to_Spain,RB,24.0
-2.0728942844178224,Italy_to_Spain,CB,28.0
-1.2073203750997088,Spain_to_Spain,LB,31.0
-0.127021055255911,England_to_Spain,CF,29.0
0.8891279881416523,Spain_to_Spain,CF,27.0
-0.9550473243419901,Spain_to_Spain,RW,25.0
-1.2124225544312246,Spain_to_Spain,AM,26.0
-0.4408885966988123,Spain_to_Spain,RW,27.0
-0.5943863143604045,Brazil_to_England,CB,26.0
-0.0384165794079081,Croatia_to_Spain,RW,28.0
-0.45122642628865606,Spain_to_Spain,CB,32.0
-1.0249468795536796,Spain_to_Spain,GK,33.0
-2.5404283496644045,Germany_to_Spain,CB,26.0
-0.5108201319755352,Spain_to_Spain,AM,20.0
-0.6056263281856076,Spain_to_Spain,CM,23.0
-2.8578001968144218,Spain_to_Spain,LW,23.0
-4.563349406855943,Russia_to_Spain,RW,27.0
0.32123303079499976,Spain_to_Spain,DM,27.0
0.14770962457318149,Italy_to_Spain,SS,32.0
-0.2717196494762675,England_to_Spain,DM,32.0
0.15350271730353526,Spain_to_Spain,CF,24.0
-0.959706019568328,Argentina_to_Spain,RW,29.0
-0.2366831016277562,Spain_to_Spain,AM,29.0
-1.5221631080333964,France_to_England,GK,25.0
1.921859562194694,England_to_England,CF,24.0
0.9449289410850739,France_to_England,RW,25.0
1.7355409949115383,Belgium_to_France,RW,18.0
-0.22060223118439026,Spain_to_France,CB,30.0
-0.09259482113225737,Brazil_to_France,LW,18.0
-2.0584280204509984,Spain_to_France,AM,27.0
-0.7217285384814982,Spain_to_France,GK,27.0
1.6616937959363653,Italy_to_France,CF,27.0
-1.0743739036923419,Netherlands_to_Netherlands,LW,24.0
-1.363146034219815,Netherlands_to_Netherlands,RB,23.0
0.5995414543414821,Germany_to_Netherlands,CF,29.0
-1.1538491145942,Poland_to_Netherlands,CB,24.0
-0.8961464752614514,Bulgaria_to_Netherlands,AM,18.0
0.12884074169340032,Austria_to_Netherlands,CF,26.0
-2.2687522515332947,Italy_to_Netherlands,LW,21.0
0.9884751251568051,Germany_to_Netherlands,LB,26.0
0.8272909920537685,France_to_Netherlands,DM,22.0
-1.1667830459355155,Germany_to_Netherlands,GK,20.0
-2.37556902660692,Germany_to_Netherlands,LW,26.0
-1.7784520813375018,Greece_to_Netherlands,CF,25.0
-0.039217662024382705,Netherlands_to_Netherlands,AM,21.0
-0.5870192777628329,Netherlands_to_Netherlands,RB,23.0
-0.4706870743184588,Netherlands_to_Netherlands,GK,33.0
-2.6671191841566113,Netherlands_to_Netherlands,GK,26.0
2.4759237553582416,England_to_Netherlands,CF,26.0
-4.7542802220430875,Senegal_to_Netherlands,LW,18.0
-1.3908960532879124,Croatia_to_Netherlands,DM,25.0
-0.8373806010933436,Norway_to_France,LB,25.0
-1.976430401983622,France_to_France,GK,29.0
0.5478189457206213,England_to_France,LW,21.0
1.9485428741802426,Belgium_to_France,CF,21.0
0.7923886940922245,Italy_to_Italy,CB,26.0
1.2764086525762295,Italy_to_Italy,CM,23.0
1.3168017933205114,Russia_to_Italy,CF,25.0
2.1740771460315322,Italy_to_Italy,CF,21.0
0.12736508485541265,Argentina_to_Italy,CB,24.0
0.9306185077645992,Italy_to_Italy,CF,22.0
0.7779333423593258,Italy_to_Italy,RB,23.0
1.9655992951382615,Italy_to_Italy,CM,27.0
-0.6818200813626305,Serbia_to_Italy,CM,24.0
0.1920717048907985,Italy_to_Italy,DM,25.0
-0.08833488594762784,Chile_to_Italy,AM,18.0
-0.40405783557335084,Italy_to_Italy,DM,31.0
-0.18825073353963262,Angola_to_Italy,RW,18.0
1.796851288106474,Italy_to_Italy,CF,25.0
1.9377146753082606,Italy_to_Italy,CM,25.0
-2.873947583762039,United States_to_Italy,CB,18.0
-2.1941671211177862,Italy_to_Italy,GK,22.0
-0.349917556940353,Scotland_to_Italy,LB,18.0
1.4522607395485387,France_to_France,CF,23.0
-0.9315096847294608,Belgium_to_Italy,LB,21.0
0.5365217197684728,Italy_to_Italy,CM,30.0
1.0714972286514275,France_to_Italy,CB,32.0
1.1481769512496918,Italy_to_Italy,CF,30.0
1.3524966042363857,Italy_to_Italy,CM,22.0
1.0860209267461514,Netherlands_to_Italy,CF,23.0
0.5001471309951775,Italy_to_Italy,LB,21.0
1.041567708764834,England_to_England,GK,28.0
0.22043016436345475,Latvia_to_Italy,CF,21.0
0.5108423054513409,France_to_Italy,DM,26.0
2.2809479689709455,France_to_Italy,CF,21.0
0.5534008014945471,France_to_Italy,GK,34.0
-1.0681199438112134,France_to_Italy,RB,20.0
0.3141621025645449,Spain_to_Italy,CB,31.0
0.4005697284415959,Norway_to_Italy,LW,20.0
-0.8099012732691069,Belgium_to_Italy,RW,21.0
0.1589728359481093,Germany_to_Italy,LW,26.0
1.0174000671734067,Italy_to_Italy,LM,24.0
1.439691210486437,Italy_to_Italy,CM,27.0
1.607566879517698,Turkey_to_Italy,CF,26.0
0.7102797298721306,Italy_to_Italy,GK,24.0
1.1036295893491257,Italy_to_Italy,DM,23.0
-1.6751234027649904,Italy_to_Italy,LW,21.0
2.129831553689314,Spain_to_Italy,CM,24.0
-1.384861689287547,Switzerland_to_Italy,AM,19.0
1.6054875977536156,Italy_to_Italy,CM,25.0
1.3785171112882821,Italy_to_Italy,CF,21.0
1.9560905520851222,Italy_to_Italy,CM,23.0
1.7375468934454332,Spain_to_Italy,RB,21.0
-0.21558968890657582,Italy_to_Italy,CM,29.0
-0.2740346452582241,Argentina_to_Italy,CB,18.0
0.4550664794581891,Spain_to_Italy,CF,32.0
0.2317823213339345,Croatia_to_Italy,GK,20.0
1.0816081016834005,Switzerland_to_Italy,RM,22.0
0.5008023231799825,Italy_to_Italy,CB,26.0
0.5040662575031032,Italy_to_Italy,LB,34.0
0.44925965599920303,England_to_Italy,CM,25.0
-0.43679304044235145,Italy_to_Italy,CM,28.0
1.9515449929280742,Italy_to_Spain,CM,30.0
-0.13620539013788857,Spain_to_Spain,RW,23.0
1.0263380448179475,Brazil_to_Netherlands,RW,20.0
-0.06645183611271932,England_to_England,CB,22.0
1.2999836237059732,Germany_to_Netherlands,AM,27.0
1.4449193546608434,Denmark_to_Netherlands,CM,19.0
0.6785691435617327,Netherlands_to_Netherlands,RB,26.0
0.15619484692481578,Sweden_to_Netherlands,LW,22.0
-2.3656716205505166,Denmark_to_Netherlands,CM,25.0
-1.2964770084687007,Portugal_to_Netherlands,AM,27.0
-0.8716766285279043,Netherlands_to_Netherlands,CM,26.0
-1.9460159984948415,Germany_to_Netherlands,LW,20.0
-1.514033958089568,Germany_to_Netherlands,LW,22.0
-1.8083278366475604,Netherlands_to_Netherlands,AM,22.0
-1.4031235565602795,Turkey_to_Netherlands,CM,30.0
-3.666175046583369,England_to_Netherlands,LB,22.0
-0.42730639846186946,Norway_to_Netherlands,CF,20.0
-1.513958617818572,Portugal_to_France,DM,23.0
1.1066873666814168,Belgium_to_France,RW,21.0
-1.8665992747993982,France_to_France,CF,24.0
-0.21794225570588566,Argentina_to_France,CB,21.0
1.552073265107369,France_to_France,CF,21.0
1.0592001116582974,Italy_to_France,CM,25.0
0.2714293449695333,France_to_France,DM,29.0
0.1895506828601583,France_to_France,AM,23.0
0.38599516801225775,France_to_France,RW,21.0
0.5559914379409783,France_to_France,RW,21.0
-0.16591329876825966,Spain_to_Spain,CF,22.0
-1.3316156360413576,Spain_to_Spain,CB,32.0
1.4900598902896611,England_to_England,CM,25.0
1.9364226131729119,Spain_to_Spain,CF,33.0
0.5985835045154317,Germany_to_Spain,DM,26.0
0.024882094665954924,Spain_to_Spain,GK,28.0
0.4198142500925979,Spain_to_Spain,DM,29.0
1.2551325528896413,England_to_Spain,LB,22.0
-1.3278901130382792,Germany_to_Spain,CB,25.0
-0.08074571487336613,Spain_to_Spain,CM,32.0
-0.045436101118472294,Spain_to_Spain,GK,29.0
0.7525565430600167,Portugal_to_Spain,LB,28.0
0.5887167682991503,Netherlands_to_Spain,LW,24.0
0.5074069389652998,Spain_to_Spain,AM,22.0
1.0292777619230478,Italy_to_Spain,RW,26.0
-0.6886282145681903,Croatia_to_Spain,GK,24.0
0.32611511162163964,Spain_to_Spain,CF,33.0
1.1356127132752434,China_to_Spain,LW,27.0
1.5531620481035908,England_to_Spain,CF,27.0
1.0824651322233407,Netherlands_to_Spain,RB,19.0
0.5794614465314503,Portugal_to_Spain,RW,20.0
-0.4916469943740829,Spain_to_Spain,CM,31.0
0.7407328921702678,Spain_to_Spain,LM,21.0
-0.9831282908500469,Spain_to_Spain,CB,20.0
0.5246775379524706,Italy_to_Spain,LW,25.0
-0.35941555091498145,England_to_Spain,CF,22.0
-0.47650264044146695,Spain_to_Spain,CM,25.0
-0.04518719212189026,Italy_to_Spain,DM,31.0
0.6526100902847283,Spain_to_Spain,LB,28.0
-0.11270780865595498,England_to_Spain,RB,27.0
-0.9993541056693829,Spain_to_Spain,RW,21.0
0.08686423991474967,Spain_to_Spain,CF,23.0
-0.07721157185750371,Italy_to_Italy,CM,23.0
-0.6140477172611991,Italy_to_Italy,RB,28.0
-0.4585644752208964,Italy_to_Italy,CB,31.0
-0.7868334679013262,Italy_to_Italy,GK,31.0
-2.606021089211037,Italy_to_Italy,AM,23.0
-1.523133265674165,Austria_to_Germany,RW,20.0
-1.9860984692010177,Netherlands_to_Germany,CB,32.0
-1.7642743282082094,Germany_to_Germany,AM,25.0
0.33121042330276573,Turkey_to_Germany,CM,18.0
-0.4431572138968036,Mexico_to_Italy,CB,23.0
-2.1274034473206545,Austria_to_Italy,LB,22.0
-1.3503481857060233,Netherlands_to_Italy,LB,28.0
0.5919302747691741,United States_to_Italy,CM,19.0
0.11739419402594287,Belgium_to_Italy,CF,26.0
1.8025300751049276,United States_to_Italy,CM,19.0
-1.6864034542474045,Germany_to_Germany,GK,27.0
-2.4468585941102052,Germany_to_Germany,DM,30.0
0.7796327899911617,Argentina_to_Spain,RB,24.0
0.7611167282056304,Netherlands_to_Netherlands,RW,29.0
1.529779695545244,Denmark_to_Netherlands,LW,19.0
-0.1574394237251795,Italy_to_Italy,CB,31.0
1.3457534644610512,Germany_to_Germany,CB,22.0
1.590584036349199,Germany_to_Germany,CM,27.0
0.8983295267010405,Germany_to_Germany,CF,25.0
0.823830318425177,Croatia_to_Germany,CB,19.0
0.8152287056309468,England_to_Germany,LB,24.0
0.16557578166889897,Spain_to_Germany,CM,18.0
0.6075642075528123,France_to_Germany,RB,24.0
0.6672737565030076,France_to_Germany,CB,21.0
-0.9495092565598124,United States_to_Germany,AM,18.0
1.2646224446313106,Netherlands_to_Germany,CF,22.0
0.1721126999844529,Germany_to_Germany,GK,23.0
1.5172564873051435,Germany_to_Germany,CB,22.0
1.3318341007576464,Portugal_to_Germany,SS,25.0
0.47216252597467623,Belgium_to_Germany,CM,18.0
-0.7990085612984217,Netherlands_to_Netherlands,GK,21.0
1.0250800064434262,England_to_Germany,CF,22.0
0.6324341481147968,Netherlands_to_Netherlands,CF,22.0
0.3126721222668838,Sweden_to_Netherlands,RB,25.0
-0.1849739002564199,Greece_to_Netherlands,CF,21.0
-0.4333350474418438,Austria_to_Netherlands,CB,29.0
0.3939895451363995,Netherlands_to_Netherlands,GK,24.0
-2.933460872310045,Germany_to_Netherlands,CB,22.0
-2.5645520080983655,Netherlands_to_Netherlands,RB,22.0
-1.768353166998006,Netherlands_to_Netherlands,RB,20.0
-1.9806367584615252,Netherlands_to_Netherlands,RW,21.0
-1.5301253048302907,Sweden_to_Netherlands,AM,23.0
-1.3945728985192556,Germany_to_Netherlands,CB,23.0
-1.490234590570136,Netherlands_to_Netherlands,DM,24.0
-0.1567770988170878,Sweden_to_Netherlands,CF,18.0
-2.3523857185757624,Norway_to_Netherlands,DM,25.0
-0.9951822292061365,Austria_to_Netherlands,CB,29.0
-1.4273836147041834,England_to_Netherlands,RW,27.0
-0.9688674937935389,Norway_to_Netherlands,RB,20.0
-0.7876240818390592,Netherlands_to_Netherlands,CB,22.0
0.6242177856105329,Denmark_to_Netherlands,GK,23.0
-1.7472573982571618,France_to_Germany,RW,22.0
1.2789628491364233,Russia_to_Germany,SS,27.0
0.704686621936581,Denmark_to_Germany,AM,21.0
0.49130942277299994,Germany_to_Germany,RW,23.0
-1.380609051439171,France_to_Germany,CM,19.0
-2.2106916618084202,Italy_to_Germany,DM,19.0
0.5323274300541385,Germany_to_Germany,CM,24.0
0.31694219711393856,Germany_to_Germany,DM,22.0
0.03351714066850775,Switzerland_to_Germany,RB,28.0
1.3013882439458584,Belgium_to_Germany,DM,23.0
-1.803037805214455,Germany_to_Germany,GK,20.0
1.9614308288921567,Germany_to_Germany,CM,24.0
0.9668466063548049,Germany_to_Germany,RW,23.0
1.201097292741391,France_to_Germany,LW,22.0
1.7720959453872673,Denmark_to_Germany,GK,22.0
0.457289960890197,Netherlands_to_Germany,CM,21.0
-1.368423175024871,Germany_to_Germany,CF,29.0
-0.22001145430219538,Germany_to_Germany,LW,22.0
-1.8219148563721426,Portugal_to_Germany,CB,23.0
-1.3925258647652186,Austria_to_Germany,AM,25.0
1.7673590271282436,Denmark_to_Germany,CF,18.0
0.27984521988005184,Netherlands_to_Germany,CB,20.0
0.8850333855595096,Germany_to_Germany,GK,23.0
1.0031074026523115,Germany_to_Germany,AM,22.0
-2.6450469009159843,Germany_to_Germany,CF,18.0
-1.5481521579529787,Germany_to_Germany,GK,32.0
-2.93526140941942,Germany_to_Germany,GK,19.0
0.6542003457928374,Belgium_to_Germany,CB,20.0
0.2839620099030249,France_to_Germany,RW,21.0
0.18107078483941308,France_to_Germany,LB,21.0
0.024860037111960054,Germany_to_Germany,CM,26.0
-0.11884484031276621,Argentina_to_Germany,CB,19.0
-0.5057475382865704,Denmark_to_Germany,CM,16.0
1.4818693526026827,England_to_Germany,CF,23.0
-0.6566502863944805,Poland_to_Germany,LB,22.0
0.15838317759317988,Germany_to_Germany,SS,20.0
-0.23565979115682012,Germany_to_Germany,CM,28.0
0.02994232065958613,Germany_to_Germany,GK,28.0
-1.1242539493927701,Japan_to_Germany,LW,23.0
-2.361362170386199,Germany_to_Germany,CB,22.0
-0.8676402084111015,Germany_to_Germany,CM,22.0
-1.0254256278698222,Germany_to_Germany,LB,18.0
-0.18370077130549056,Italy_to_Italy,CM,25.0
0.730999634483247,France_to_England,LB,20.0
1.041224744825744,Italy_to_Italy,CM,25.0
0.43552855571675053,Belgium_to_Italy,CB,21.0
-1.974051655236174,Ukraine_to_France,CF,20.0
-0.1742856318534649,France_to_France,CM,24.0
-1.0619914347709454,France_to_France,RB,21.0
0.9897823155221417,France_to_France,RW,25.0
0.870040671631287,Brazil_to_France,CM,18.0
-0.06510377073662355,Italy_to_France,GK,22.0
0.09765319712442988,Belgium_to_France,LB,27.0
-0.20331975934259994,France_to_France,RW,25.0
-0.04787798230097451,France_to_France,CB,21.0
1.7180640862431034,Netherlands_to_France,GK,30.0
0.5061028187690937,Croatia_to_France,RB,24.0
0.9155654728707745,Switzerland_to_France,CB,22.0
0.5996277215596386,Netherlands_to_Italy,RB,25.0
-0.2799884986614476,Poland_to_France,RB,23.0
-0.7856432944957987,Netherlands_to_France,RW,22.0
-0.7844345142044098,Netherlands_to_France,DM,23.0
-3.104176701012541,Mali_to_France,CM,19.0
-0.7728192359630839,France_to_France,DM,21.0
-0.6914059669201151,Norway_to_France,CB,26.0
-0.37288450314519395,Portugal_to_France,CM,30.0
-0.3917576999374397,France_to_France,LB,20.0
-0.5282623916674165,England_to_France,DM,27.0
0.2609985122997518,Netherlands_to_France,DM,24.0
0.5134781039068326,Spain_to_France,CB,21.0
1.2638485577576368,France_to_France,CF,29.0
0.7203104462613084,Netherlands_to_France,RW,22.0
-1.3833048057293187,Colombia_to_France,GK,23.0
-1.395228587375307,France_to_France,LB,27.0
-0.5581838798259984,France_to_France,CB,24.0
-0.1944424483120475,United States_to_France,LM,26.0
0.39762141160356634,Italy_to_Italy,RB,31.0
0.7130785974274012,France_to_Italy,GK,25.0
-0.21430132290532633,Germany_to_Spain,DM,29.0
-0.13612814632756987,Greece_to_England,GK,28.0
-0.764430364788188,Colombia_to_England,CB,20.0
-1.0466248542492167,Hungary_to_England,RB,21.0
1.0934204857671475,Netherlands_to_England,GK,22.0
2.010771551932571,Italy_to_Italy,AM,21.0
0.2693512348457823,United States_to_Italy,RB,20.0
0.0272977421120153,Italy_to_Italy,CB,22.0
1.290148052012679,England_to_Italy,GK,33.0
0.8152705538535443,Brazil_to_Italy,LB,23.0
1.2784661767477452,Italy_to_Italy,CF,26.0
1.529825319642974,Italy_to_Italy,CB,21.0
1.6018726933526253,England_to_Italy,CF,23.0
-3.0324298569112322,Spain_to_Italy,AM,16.0
1.3664319808727754,England_to_Italy,CB,23.0
0.22072722367632025,Serbia_to_Italy,LB,20.0
0.43869343305167696,France_to_Italy,CM,24.0
1.7995632608855985,Italy_to_Italy,RW,27.0
-1.7289583396648656,Brazil_to_Italy,CF,19.0
-1.2070432859658702,Netherlands_to_Italy,AM,19.0
2.350046009294182,Germany_to_Italy,CM,22.0
0.2932522705425473,Italy_to_Italy,CB,21.0
1.7794463703468786,England_to_Italy,RB,29.0
-0.04171917530436531,Netherlands_to_Italy,DM,23.0
0.6097104938881373,Italy_to_Italy,CB,23.0
0.9693162568112328,Italy_to_Italy,GK,27.0
-1.0796806346626795,England_to_Italy,CF,34.0
0.02187992791790805,France_to_Italy,LB,24.0
0.47093181087608116,Italy_to_Italy,DM,21.0
-0.0371491500507144,France_to_Italy,AM,21.0
0.051016119032286866,England_to_Italy,LW,28.0
0.7704808876957401,France_to_France,AM,30.0
0.42395757140631396,Germany_to_France,CB,22.0
0.12774493983306812,France_to_France,LB,26.0
0.601171279938912,Italy_to_Spain,LM,25.0
0.09955717973100775,Spain_to_Spain,RB,28.0
0.16748315456601226,Spain_to_Spain,CF,24.0
-0.5884673110722343,Spain_to_Spain,CF,36.0
-1.3929669551613344,Spain_to_Spain,LB,24.0
-1.0241508361697704,Spain_to_Spain,CB,28.0
1.4088719299663754,Spain_to_Spain,CF,29.0
-2.501137446570281,Spain_to_Spain,RB,25.0
-1.7575237285347498,Spain_to_Spain,CB,29.0
-1.2750436889988421,Spain_to_Spain,LW,26.0
-1.6044061051089553,Belgium_to_Spain,CF,23.0
-1.8069553253055126,Spain_to_Spain,RW,26.0
-0.9591800796848773,Argentina_to_Spain,GK,28.0
-0.7006823569957987,Chile_to_Spain,DM,22.0
-0.46681617040972867,Spain_to_Spain,CM,23.0
-0.3528914527750988,Paraguay_to_Spain,LB,23.0
0.10264758571014099,Portugal_to_Spain,LW,27.0
-1.187062969942069,Portugal_to_Spain,GK,22.0
0.048484784394212,Italy_to_Spain,CB,30.0
-0.6481210757888825,Spain_to_Spain,CM,22.0
0.7608607044563769,France_to_Spain,CF,24.0
0.9079019989956834,England_to_Spain,CB,23.0
1.4524723743780577,England_to_Spain,LW,24.0
-2.559256266760711,England_to_Spain,LB,28.0
-0.06842543182854932,Germany_to_Spain,LB,27.0
1.554883430244704,Italy_to_Spain,CM,27.0
0.8709837286761868,Germany_to_Spain,CF,22.0
0.2617578289857825,Spain_to_Spain,RB,22.0
0.6636403710919971,France_to_Spain,CM,18.0
0.7620704563515162,England_to_Spain,CF,24.0
-0.15019913212433167,Spain_to_Spain,LB,26.0
-0.5267646128715313,Spain_to_Spain,LB,27.0
-0.824080659076742,France_to_Spain,CB,31.0
-0.5434133364525611,Spain_to_Spain,CF,27.0
-0.7417812525930927,Turkey_to_France,GK,18.0
1.045573495899248,Croatia_to_France,AM,23.0
0.8104467175355872,Germany_to_France,DM,26.0
1.0365812745083787,France_to_France,CF,27.0
1.739077803133867,Denmark_to_France,LW,19.0
1.2940915243959772,France_to_France,CB,21.0
-2.1160065380456228,Senegal_to_France,CF,21.0
0.16644599726715015,Spain_to_France,LW,19.0
-0.5140216262531041,Brazil_to_France,CB,26.0
-0.13073955700425088,Italy_to_France,RB,24.0
0.5609433719948278,Italy_to_France,CF,27.0
0.6732170413949703,Germany_to_France,CB,22.0
0.9509589536332577,Brazil_to_France,CM,24.0
0.6716344604809041,England_to_France,RW,29.0
0.3350445158717257,Germany_to_France,LM,21.0
0.3808300327279781,France_to_France,CM,23.0
1.204141916546856,Netherlands_to_France,CF,20.0
0.42983607753143005,Argentina_to_Spain,DM,31.0
-0.8207098991100565,Italy_to_Spain,CF,25.0
-1.9170333790161855,Spain_to_Spain,LB,28.0
0.06461141708464169,Germany_to_Spain,CF,20.0
-0.05437919804534985,Spain_to_Spain,LW,24.0
-0.10943100996625788,Slovakia_to_Spain,GK,24.0
-0.47376507251859046,England_to_England,CB,31.0
-1.0025155097667948,Spain_to_Spain,LB,21.0
-1.3273422252388514,Spain_to_Spain,CM,27.0
1.045056360327857,Italy_to_Netherlands,CF,21.0
-0.7653165061151768,Germany_to_France,DM,19.0
0.3671376953441854,Netherlands_to_France,LB,22.0
1.5997736382527812,Italy_to_France,RB,22.0
0.4384849460976099,Portugal_to_France,DM,29.0
-1.0513356496751705,Spain_to_Spain,AM,23.0
1.3234069294945918,Russia_to_England,AM,23.0
1.952966163399001,England_to_England,CB,26.0
-2.3926927456292404,England_to_England,CB,19.0
0.06873206599578552,Germany_to_Portugal,LB,28.0
1.1551210846890427,Brazil_to_Portugal,LM,24.0
-2.0019361423828848,France_to_Portugal,RW,24.0
0.048955707576345375,France_to_Portugal,DM,24.0
-1.4000312694939865,Portugal_to_Portugal,RB,25.0
-0.7917968498562828,Germany_to_Portugal,RW,26.0
0.04355504992253678,Spain_to_Portugal,CF,25.0
-1.2893525967034591,Portugal_to_Portugal,CM,24.0
-1.6973911744069348,Brazil_to_Portugal,RB,19.0
-1.181233720964233,Argentina_to_Portugal,CM,28.0
0.8712175057377323,Portugal_to_Portugal,CB,24.0
-1.4517414283489476,France_to_Portugal,LB,24.0
-0.053564285246634924,Italy_to_Portugal,DM,27.0
-1.1995465571464337,Portugal_to_Portugal,CM,24.0
1.6542256491518366,Belgium_to_Portugal,CF,25.0
-0.5626880432407866,France_to_Italy,RB,23.0
-1.8239008895634452,Germany_to_Italy,CB,28.0
-0.273473961547424,Italy_to_Italy,CB,23.0
1.4616600727423155,Germany_to_Italy,LW,23.0
0.5691192519801618,England_to_Italy,CF,25.0
-0.4665038139049784,France_to_Italy,RB,19.0
0.49952246598589056,Italy_to_Italy,GK,30.0
-0.2758233279891975,Germany_to_Italy,AM,19.0
-1.3947034747106226,Netherlands_to_Italy,CF,21.0
0.14212634019243353,France_to_Italy,CB,29.0
0.9171307354263298,China_to_Italy,CF,32.0
0.9704206238109823,Italy_to_Italy,CB,25.0
2.172253506707211,Italy_to_Italy,CF,22.0
-3.9164315849744824,Brazil_to_Portugal,CF,26.0
-0.9728896485049514,Portugal_to_Portugal,CB,27.0
-1.7428423873661796,Iran_to_Portugal,LW,22.0
-1.566222384016088,Romania_to_Portugal,CB,22.0
-1.2912828335198654,Italy_to_Italy,GK,32.0
-0.24067515605475975,Denmark_to_Italy,LW,21.0
0.19184897912741228,Czech Republic_to_Italy,CB,20.0
-1.3226143829106132,Italy_to_Italy,GK,25.0
0.7255630314645245,Italy_to_Italy,RB,21.0
1.9137070324890821,Netherlands_to_Italy,CM,25.0
-0.6829535476444999,Italy_to_Italy,RW,19.0
-0.9452387801884452,Portugal_to_Italy,RW,21.0
-1.42223233264742,Greece_to_Italy,RW,25.0
-1.6162044273709313,Denmark_to_Italy,RB,21.0
0.23685817606730097,Italy_to_Italy,CM,19.0
-0.9928962718697107,Italy_to_Italy,CF,24.0
-1.406719417545725,Slovakia_to_Italy,CB,21.0
-1.4766528159801737,Brazil_to_Italy,DM,25.0
0.7729762130427833,Sweden_to_Italy,CM,18.0
0.16732146195757025,Slovakia_to_Italy,CF,20.0
0.08855274012603687,Italy_to_Italy,CB,22.0
1.5098701842066866,Portugal_to_Portugal,DM,20.0
0.20615743102545458,Portugal_to_Portugal,RB,28.0
0.22140863421208756,Portugal_to_Portugal,DM,23.0
-0.42914790385749413,Portugal_to_Portugal,CB,24.0
1.3230031337218584,Scotland_to_England,CB,23.0
2.035183663335321,England_to_England,CF,29.0
-0.2783624756199359,Turkey_to_Italy,SS,27.0
0.6967966926975961,Germany_to_England,LW,23.0
-0.6161295959125308,Portugal_to_England,LB,21.0
0.1376723763937413,Belgium_to_England,CM,21.0
1.3861006512566725,Italy_to_England,RB,22.0
0.7919945481199484,England_to_England,GK,23.0
1.3448976972124775,Spain_to_England,AM,22.0
1.702768894843686,England_to_England,CB,23.0
1.7983334518230905,England_to_England,RW,24.0
0.46375493701054893,Italy_to_Italy,CB,24.0
0.30686406786992393,Italy_to_Italy,GK,28.0
0.024641320067189554,Italy_to_Italy,CB,22.0
1.053648230074785,Spain_to_England,LB,24.0
0.4963310416950222,England_to_England,LW,24.0
-0.22029276196406045,Norway_to_England,GK,20.0
3.2152726597802364,Austria_to_England,CF,22.0
0.36356331186494373,France_to_England,DM,22.0
1.0458829478623848,England_to_England,CB,29.0
1.1272270787286018,Germany_to_England,CB,22.0
2.540067330269192,England_to_England,LW,25.0
0.0759928372376173,Brazil_to_England,RW,18.0
1.743910105470217,Germany_to_England,LW,21.0
1.7571051228570198,Spain_to_England,CB,28.0
1.3864090409268357,Italy_to_England,CF,36.0
0.7190539078460176,England_to_England,CM,21.0
0.07068846931245076,Germany_to_England,RW,25.0
1.074804258875119,England_to_England,LW,23.0
2.0104677509286617,Greece_to_England,LW,19.0
0.06927717064789718,England_to_England,CB,28.0
1.6608464703522436,Greece_to_England,LB,25.0
-0.18340608975102946,France_to_England,CM,28.0
0.19457924862698484,England_to_England,GK,25.0
0.4457318442725722,England_to_England,CF,24.0
0.03710391429524407,France_to_England,LB,23.0
-0.4215395464934595,Italy_to_England,CB,24.0
-0.5626914642929979,England_to_England,RB,18.0
0.6157004697465389,Spain_to_England,RB,22.0
0.6571128232621639,Spain_to_England,LW,20.0
0.15455818868236548,France_to_England,DM,18.0
0.8885777142517775,France_to_England,CM,22.0
0.7244470547042816,Belgium_to_England,CF,23.0
0.5607032597360089,England_to_England,CM,32.0
1.4884313085971357,Germany_to_England,CF,21.0
-1.893850043458201,Germany_to_England,LW,25.0
0.4029078286016201,England_to_England,CM,26.0
0.8552669320004362,England_to_England,AM,19.0
0.584983807831712,France_to_Italy,DM,27.0
1.1074101776074858,Italy_to_Italy,LB,22.0
0.8772032444893085,Italy_to_Italy,RW,19.0
0.6465094356826775,Italy_to_Italy,CB,29.0
0.770987315019223,Italy_to_Italy,CB,25.0
1.2581966171581502,Italy_to_Italy,AM,26.0
1.8493726239166968,England_to_Italy,CM,20.0
1.127529423557684,Italy_to_Italy,CB,24.0
0.9973766987739765,Italy_to_Italy,RM,34.0
0.8968045562695952,Italy_to_Italy,CF,25.0
0.4035022507030721,Italy_to_Italy,CF,29.0
-1.8648683521058107,Italy_to_Italy,CF,25.0
-0.9664341956798808,France_to_Italy,CM,23.0
-0.3555813014212177,Italy_to_Italy,CB,23.0
0.3613071263131573,Germany_to_Italy,RB,26.0
0.15151859979290805,Brazil_to_Italy,CB,22.0
1.35673262147834,France_to_England,LW,24.0
1.0225577763726932,Scotland_to_England,CF,23.0
1.2253455636496007,France_to_England,CB,25.0
1.567757622627859,England_to_England,CB,21.0
2.40821909929139,Italy_to_England,CF,28.0
-0.6157198671526718,England_to_England,RB,25.0
1.0706853649965247,England_to_England,CB,20.0
-0.006240561646677634,Italy_to_Italy,CF,32.0
0.25426220559968726,France_to_England,LW,24.0
-0.06956790228228726,Netherlands_to_England,GK,21.0
0.7143794063826796,Czech Republic_to_England,RW,20.0
1.6550076057774312,Spain_to_England,LM,23.0
2.56795957736022,Austria_to_England,CM,23.0
-2.1992551994060765,England_to_England,AM,18.0
0.8158095028870314,Denmark_to_England,CM,23.0
0.09059264948882984,Japan_to_England,LW,24.0
0.5519717045066344,Netherlands_to_Netherlands,AM,18.0
